place_id,name,lat,lon,average_rating,total_review_count,earliest_available_review_date,review_1_text,review_2_text,review_3_text,review_4_text,review_5_text
ChIJ-cvGfAAx2jARdSxJPq8ueCA,‡∏à‡∏±‡∏ô‡∏ü‡∏≠‡∏á,18.755279899999998,98.99420350000001,4.4,62,2025-06-05,They sell traditional Thai desserts. The price is at the higher side according to the locals but their traditional desserts defo got me addicted. I wish I could try a few more. Gonna come back again despite the not so good service,"If you're looking for an authentic and charming caf√© experience in the Pa Daet area, Jan Fong (‡∏à‡∏±‡∏ô‡∏ü‡∏≠‡∏á) is an absolute must-visit! This lovely spot specializes in traditional Thai desserts, and every bite is a testament to their dedication to authentic flavors and beautiful presentation","Service is horrible. I arrived at a time when 2-3 staffs were busy at the back of the counter packing, but even if busy you should acknowledge and let the customer know to wait. Only when I tried to ask where to order, did they tell me to wait with an annoyed look. Very bad hospitality all around, no smiles or thank yous at any point.",The atmosphere is great with the nice traditional sweet.,"Anyone who doesn't like Thai desserts should try this shop and they'll change their mind. They're incredibly delicious, with a wonderful aroma of coconut milk and palm sugar. All the ingredients are perfectly balanced. The salted rice cakes, sugarcane syrup cakes, steamed rice cakes, and dog's tongue cakes ‚Äì everything we ordered was delicious. It was a truly amazing experience. The shop is cute, comfortable, and has parking in front. I highly recommend trying it."
ChIJXYT4dqI62jARd_jNnSJu5Tg,Farm Story House,18.7590003,98.99492459999999,4.7,508,2018-12-24,"This small restaurant is serious about its coffee - I'm not a coffee drinker so can't comment on the quality of their coffee. The food menu is limited to a handful of well prepared meals - I had chicken with chilli and Thai basil - delicious.
The iced chocolate is delicious, and tastes of real chocolate. Located in a townhouse complex it's a hidden gem and worth the effort to find.","The bigger original chain at Old City is closed (those that u saw in the pics). We dined at the smaller but charming outlet. Spend a total of 500THB and was given a complimentary tasting of the freshly hand poured single origin coffee beans from Nan. Lovely service staff. Bright & cheerful!

Try the ice cream with mung bean topping.","Delicious, cozy, friendly. A wonderful place to grab breakfast, lunch, or dinner. They have a really nice menu and I highly recommend getting the Thai classics, spice is Thai level. The coffee here is phenomenal and well made, with an option for your preferred roast level. The staff is super nice helpful, one of them has great English. Highly recommend this place, prices are OK. Hours SSMTTF 08:30-21:00.",Lovely place for breakfast and coffee. We went there just by chance and it turned out to be one of the best breakfast we had in Thai. Very reasonable prices and friendly staff. Their coffee is very good actually. Many cute local crafts and herbs related products. We really enjoyed our time here. A great start for our day in Chiangmai.,I loved the seating arrangement that were offered. I felt like I was really experiencing the Thai lifestyle. The food on offer was excellent and my wife and I really enjoyed trying new things out that we would rarely try.
ChIJ6avjhccx2jARDKbr923lzN4,Caffa Coffeemaker,18.7557333,99.0008792,4.6,25,2023-08-10,"Haven''t visited the store but buy their beans from a local barista.

Back in March-April 2025, we were very impressed with the flavor of their chocolate-infused bean. It was great!

Now, however, something has gone wrong with roasting process. The chocolate flavor is gone even though it's still marketed as such.

Without this additive flavor, their beans are average at best.","this clean, lrage-feeling shop primarily sells coffee machines  (and some coffees) , including high-end ones, some look quite commercial; if you need the best you should look here;
they provide coffee on-site but that is more a favor in order to sell their on-site raw coffees; it is not meant to be a coffee shop or cafe, no food, friendly staff; iffy parking, is located in K-Park, turn left at KFC Mahidol",Not meant to be a coffee shop but they have dam good coffee!  Excellent atmosphere and staff! If you are nearby stop and enjoy. Very high end/quality machines for sale as well ‚ò∫Ô∏è,"They sell great coffee and tea supplies, staff is always friendly and they provide samples.

It is always a bliss to stop by and buy some coffee here.","They sell the best coffee in Chiang Mai, it's not a coffee shop, they sell coffee and coffee machines and accessories."
ChIJSTMOWz0x2jARI9QXOVPOb58,Roastniyom Coffee - ‡πÄ‡∏Ñ‡∏õ‡∏≤‡∏£‡πå‡∏Ñ,18.7571044,99.0003102,4.3,40,2020-12-19,"this is a franchise in a chain of the same name; smallish place, spotless, amazingly very little road-noise even tho they are right on the roadside; good croissants, decent coffee;
i found the staff a bit brusque; we went twice , consecutive days only because we had to wait for a clinic in that k-park area to open and there is very little quality coffee competition in that walking-distance area; KFC is jsut a few meters away; so-so parking; some outside seating but i cant imagine why given the huge road noise outside there",Roastinyom is a brand I can trust.  The coffee is always tasty.  There are 2 baristas working at this location providing good fast service.  There are enough chairs and seats for more than 40 people here.   The upstairs is a quiet area that can accommodate about 20 people.,Good Taste.,üò¥üò¥üò¥üò¥,"This branch of Rosniyom features a spacious, airy, minimalist design with outdoor seating. The second floor houses a meeting room. The drinks maintain the signature Rosniyom standard. There's parking for three cars in front of the shop, but additional parking is available within the complex."
ChIJbXlnaDsx2jARMl7JxLohaZ4,‡πÄ‡∏ä‡∏µ‡∏¢‡∏á‡πÉ‡∏´‡∏°‡πà‡∏ä‡∏≤‡∏ô‡∏±‡∏ß ‡∏õ‡πà‡∏≤‡πÅ‡∏î‡∏î,18.7600543,98.9960093,,,,,,,,
ChIJIzEUe0gx2jARX33-VMxtKhw,Cup of the day,18.7562936,98.999766,5.0,6,2023-12-03,"ordered through grab, the mint cold brew is so delicious!! and i ordered deep roast for the coffee, extremely nutty flavour and i love it so much. will definitely try to visit in person","Really nice coffee and has oat milk, I had an iced cappuccino and asked for it not too sweet and it was just right, would highly recommend.","They make my favorite coffee and Thai milk tea every morning.
It‚Äôs very nice and kindly serves me","Comfort coffee for me, recommend",
ChIJ-6PuQwAx2jARp40BIC7RPXs,Latteman coffee 3,18.754156899999998,98.9993385,5.0,7,2024-01-10,The taste is very good. The owner is very friendly and lovely. I am very impressed.,It was delicious! I really liked it.,I really liked the taste.,The taste is very good.,
ChIJPw46zJkv2jARyCiMBocHEcw,CEZA COFFEE,18.757219,98.99881800000001,5.0,5,2024-11-04,"Good coffee, fragrant, creamy, very rich, delicious. I recommend this shop.","Delicious coffee, lightly roasted beans, lovely owner, the owner takes care of the place himself.","The owner is friendly, the coffee is delicious, and the price is good üëçüèªüëçüèª","Good coffee, good tea, good cocoa ‚òï",
ChIJDzhhuFox2jARAPNwI5U-CgE,Roselights cafe5,18.7582661,98.98986239999999,,,,,,,,
ChIJ2ablIlgx2jARTtu0aBRjGgE,Vincenzo Coffee (Esseppo ‡∏õ‡πà‡∏≤‡πÅ‡∏î‡∏î ),18.760165699999998,98.99634239999999,5.0,5,2022-04-19,Cheap and delicious coffee. I recommend dark roast with coconut.,Great iced Mocca.,"Great value coffee, crazy barista",,
ChIJ-bjXluEx2jARB5_c4PYh2ho,‡∏ö‡πâ‡∏≤‡∏ô‡∏Ñ‡∏≠‡∏ü‡∏ü‡∏µ‡πà,18.7549509,98.99982209999999,5.0,3,2022-12-07,"Nice little coffee shop
Good tasty, freshly brewed  delicious coffee
good price
Little space for sitting

Friendly staff
Very good service

Delivery available",,,,
ChIJD-LLZFMx2jAR0DgDFBpuL_U,GonGlonCoffee,18.753812,98.99531180000001,5.0,7,2024-09-02,Relax after visited the ruins at this area. The coffee was great.,This coffee was really good! We liked it a lot. Very nice service,We had very good black Americano coffees at this van outside Wat Chedi Liem. Good value at 40 Baht each. Shaded seating area.,Delicious and inexpensive coffee,"Good coffee, come try it."
ChIJqe5vZfMx2jARIbXSw1icMTo,Raise‚Äã Cafe,18.754116,98.99205769999999,5.0,3,2021-02-22,"We stopped here for coffee and smoothies. A great hidden gem here in Chiang Mai. Excellent coffee and delicious smoothies. I highly recommend if you are in the area and looking for a place that is clean, safe, and delicious. We will be going back for sure.","We focus on the quality of every ingredient, while the prices at the shop are affordable enough to survive.",Amazing coffee at a nice local place. Nice atmosphere and a very friendly owner. Delicious coffee!!,,
ChIJw5SyahUw2jAR_a3JoiiX2Ok,Mococoshop,18.7587095,98.992228,5.0,1,2016-03-03,,,,,
ChIJmeiCbgAx2jARkqDoGgfv96c,‡∏£‡πâ‡∏≤‡∏ô‡∏Å‡∏≤‡πÅ‡∏ü‡∏Æ‡∏±‡∏ô‡πÄ‡∏ô,18.7541913,98.9926653,,,,,,,,
ChIJDWM3xUgx2jARztzyy9EMJBk,One Chan cafe,18.761072,98.997036,5.0,6,2021-07-02,Small but lovely and cozy cafe. The owners are lovely! Uncle and aunties! The drinks and desserts are fine + cutie mascot üíñ,"Small cafe set in the garden of someone's house, complete with their super cute dog who will come up to you to say hello. Coffee is good, so was the atmosphere.","Good coffee, cute shop, and there's also an underground camping shop.",The cookies were delicious and the light came out of my mouth because the butter was good and not expensive. The cola was delicious and fresh. The coconut pudding was also delicious. The reception staff was very cute.,It was great! The atmosphere was very friendly.
ChIJUX_062Yx2jARdmxH9MMKm9I,Coffee & Me,18.756189900000003,99.0005401,3.0,2,2021-11-12,"i looked for coffee at this place as i was going to a clinic nearby; 3 days in a row; no sign of life, no table outside, no real sign;
looks closed permanently to me","A small shop on Mahidol Road, located within the K-Park Business Center. Coffee is their main menu item and tastes good ‚òïÔ∏è. They also have a decent selection of √† la carte dishes. I already mentioned to the owner that the vegetables weren't cooked thoroughly, and I hope this helps them improve the taste even more üßÜ. It would add another great place for us to chill üßú‚Äç‚ôÄÔ∏è. Parking isn't too difficult üöñ.",,,
ChIJ16iViWsx2jARNlKK8V8m5XQ,enough.,18.758897299999997,98.9901802,,,,,,,,
